﻿{"cameraMode":{"drawMode":0,"name":"Shaded","section":"Shading Mode"},"sceneLighting":true,"audioPlay":false,"sceneViewState":{"showFog":false,"showMaterialUpdate":false,"showSkybox":false,"showFlares":false,"showImageEffects":false,"showParticleSystems":true},"in2DMode":false,"pivot":{"x":7.7405524253845219,"y":9.125481605529786,"z":-7.5198540687561039},"rotation":{"x":-0.3332585096359253,"y":0.3335452973842621,"z":-0.12738259136676789,"w":-0.872616708278656},"size":2.8578836917877199,"orthographic":false}